round_epochs,val_loss,loss,LSTM_dropout,LSTM_n,batch_size,dense_dropout,dense_n
47,537.2652571168665,1979.447425791081,0,60,0.22,401,200
100,229.0862258642387,249.2665595240241,0,90,0,401,400
49,596.3520553200678,471.76560917796706,0.2,90,0.22,201,100
70,18.036368476434696,12.276715778664455,0,90,0,401,100
56,344.55055084527123,720.6591209053194,0.1,60,0.22,201,200
59,610.9844713901587,1305.146821604479,0.2,30,0.11,101,400
100,17.747944594829285,17.063383448043925,0,120,0,401,100
41,118.7815334670931,1501.8912894229761,0.1,120,0.11,201,100
100,647.5723925924581,2425.8374711619126,0,120,0.22,101,400
